{
  "description": "项目配置文件。",
  "miniprogramRoot": "miniprogram/",
  "cloudfunctionRoot": "cloudfunctions/",
  "packOptions": {
    "ignore": [],
    "include": []
  },
  "setting": {
    "urlCheck": true,
    "es6": true,
    "enhance": true,
    "postcss": true,
    "preloadBackgroundData": false,
    "minified": true,
    "coverView": true,
    "autoAudits": false,
    "showShadowRootInWxmlPanel": false,
    "uglifyFileName": false,
    "checkInvalidKey": true,
    "uploadWithSourceMap": true,
    "compileHotReLoad": false,
    "useMultiFrameRuntime": true,
    "useApiHook": true,
    "useApiHostProcess": true,
    "babelSetting": {
      "ignore": [],
      "disablePlugins": [],
      "outputPath": ""
    },
    "useIsolateContext": false,
    "packNpmManually": false,
    "packNpmRelationList": [],
    "minifyWXSS": true,
    "disableUseStrict": false,
    "minifyWXML": true,
    "showES6CompileOption": false,
    "useCompilerPlugins": false,
    "ignoreUploadUnusedFiles": true,
    "useStaticServer": true
  },
  "compileType": "miniprogram",
  "libVersion": "2.21.4",
  "appid": "wx5060e2becfd07cb6",
  "projectname": "%E5%B0%8F%E7%A8%8B%E5%BA%8F%E7%A4%BA%E4%BE%8B",
  "simulatorType": "wechat",
  "simulatorPluginLibVersion": {},
  "condition": {},
  "srcMiniprogramRoot": "miniprogram/",
  "editorSetting": {
    "tabIndent": "insertSpaces",
    "tabSize": 2
  }
}